Requêtes les plus fréquentes,Clics,Impressions,CTR,Position
escape game caen,252,2269,11.11%,1.61
brain caen,155,343,45.19%,2.11
brain escape game caen,41,89,46.07%,1.75
escape game mondeville,38,320,11.88%,1.41
escape game,29,546,5.31%,2.93
brain escape game,23,121,19.01%,2.86
escape game horreur caen,21,61,34.43%,1.39
brain mondeville,15,28,53.57%,1.04
escape game caen brain,11,18,61.11%,1.5
escape game psychiatric caen,10,14,71.43%,1
escape game caen horreur,9,40,22.5%,1.3
brain escape caen,9,14,64.29%,2.29
escape games caen,7,37,18.92%,8.35
escape game brain caen,7,18,38.89%,1.22
gamedoor,7,9,77.78%,1
escape game normandie,6,123,4.88%,1.93
escape game horreur,6,39,15.38%,2.18
brain escape game mondeville,6,11,54.55%,1.09
escape game ouistreham,5,25,20%,1.6
quiz game mondeville,3,77,3.9%,1.92
escape game caen famille,3,37,8.11%,2.08
escape game carn,3,32,9.38%,1.53
quiz mondeville,3,23,13.04%,2.65
brain caen escape game,3,14,21.43%,9.86
escape game cean,3,10,30%,1.6
brain game,3,10,30%,3.5
escape game mondeville brain,3,6,50%,1
prison island,2,236,0.85%,3.03
quiz game caen,2,77,2.6%,7.44
escape game autour de moi,2,58,3.45%,4.55
quiz room mondeville,2,49,4.08%,3.08
meilleur escape game caen,2,46,4.35%,1.5
escape game calvados,2,45,4.44%,1.33
caen escape game,2,34,5.88%,1.91
buzz your brain caen,2,25,8%,3.52
escape caen,2,24,8.33%,1.67
escape game enfant caen,2,22,9.09%,11.27
escape game brain,2,20,10%,4.25
brain,2,19,10.53%,4.68
escape gale caen,2,14,14.29%,1.71
game caen,2,13,15.38%,2.38
escape game caen enfant,2,5,40%,3.8
b.r.a.i.n. escape game caen,2,2,100%,1
brain carn,2,2,100%,1
escape game hôpital psychiatrique,2,2,100%,4.5
brain escape,1,28,3.57%,3.14
quizz caen,1,25,4%,9.96
escape game a caen,1,24,4.17%,1.54
activité caen entre amis,1,23,4.35%,4.96
activité caen couple,1,21,4.76%,7.95
activité caen couple soir,1,19,5.26%,9.32
action game caen,1,17,5.88%,8.06
brain l'escape game et quiz game caen,1,16,6.25%,2.69
escape game enfant,1,16,6.25%,3.31
jeux caen,1,16,6.25%,10.31
escape room caen,1,14,7.14%,1.43
quiz caen,1,13,7.69%,9.31
quiz game caen mondeville,1,11,9.09%,4.36
activités caen intérieur,1,10,10%,7
escape game famille caen,1,8,12.5%,1.25
quizz mondeville,1,8,12.5%,3.5
eskape game,1,8,12.5%,3.88
escape game backroom caen,1,6,16.67%,4.83
es ape game,1,5,20%,2
escape game a proximité,1,4,25%,1.25
arcade caen,1,3,33.33%,1
escape game anniversaire enfant,1,3,33.33%,1
activités à faire à caen,1,3,33.33%,3
escape game back to the 80's,1,2,50%,1.5
escape game caen mondeville,1,2,50%,1.5
activités ado autour de moi,1,2,50%,2
horror escape room,1,2,50%,4
activite famille caen,1,2,50%,19.5
activités caen,0,41,0%,3.41
activite interieur caen,0,41,0%,4.27
escape,0,30,0%,4.13
que faire a caen,0,29,0%,2.17
mondeville escape game,0,27,0%,8.33
activite enfant caen,0,26,0%,10.85
escape game horreur normandie,0,24,0%,3.04
escape room,0,23,0%,3.61
activité caen soir,0,21,0%,5.81
activite caen,0,20,0%,3.2
pont du 14 juillet 2026,0,18,0%,5.78
activité enfant caen,0,18,0%,7.56
evjf caen,0,18,0%,24.22
activités mondeville,0,17,0%,3.35
quiz room,0,17,0%,3.71
quizz room,0,17,0%,5.12
que faire a caen avec des enfants,0,16,0%,1.5
quoi faire a caen,0,16,0%,1.56
activités intérieur en famille caen,0,16,0%,2.69
escape game ifs,0,16,0%,3
brain l'escape game,0,16,0%,3.62
caen activités jeunes,0,14,0%,3.43
escape game caen prix,0,14,0%,3.57
red room caen,0,14,0%,6.21
activité caen,0,13,0%,2.31
quizz game caen,0,13,0%,8.46
ici normandie caen jeu,0,12,0%,9.92
activite mondeville,0,11,0%,1.27
escape game à caen,0,11,0%,1.91
blind test caen,0,11,0%,5.82
quizz room caen,0,11,0%,24.09
caen activités,0,10,0%,1.7
escape game.caen,0,9,0%,1.44
vr caen,0,9,0%,1.44
activités enfants caen,0,9,0%,12.44
jeu caen,0,9,0%,13
team building caen,0,9,0%,45.56
rage room caen,0,8,0%,2.62
escape normandie,0,8,0%,4.75
quiz room caen,0,8,0%,9.5
avis sur brain caen,0,8,0%,11.75
activité evjf caen,0,8,0%,19.12
escape game granville,0,7,0%,1
caen : activités à découvrir,0,7,0%,1.57
activités autour de caen,0,7,0%,2
escape games,0,7,0%,3.43
activités interieur caen,0,7,0%,4.71
buzz your brain,0,7,0%,12.14
evg caen,0,7,0%,14.71
caen tout les activités,0,7,0%,21.14
mondeville activités,0,6,0%,1.17
chose a faire caen,0,6,0%,1.33
escape mondeville,0,6,0%,1.67
espace game caen,0,6,0%,1.67
espace game,0,6,0%,2.5
caen activité,0,6,0%,3.67
escape game psychiatrie,0,6,0%,3.67
activités caen ado,0,6,0%,6
activite evg caen,0,6,0%,16.67
activité evg caen,0,6,0%,16.67
activités caen et alentours,0,5,0%,1.4
chose a faire a caen,0,5,0%,1.6
que faire autour de caen,0,5,0%,2.4
anniversaire enfant caen,0,5,0%,2.8
escape game houlgate,0,5,0%,7
escape island,0,5,0%,7.2
escape island tfx,0,5,0%,7.6
prison escape,0,5,0%,8
escape room props and where to buy them,0,5,0%,13
activité evjf à caen,0,5,0%,19.2
l'escape,0,4,0%,1.5
truc a faire a caen,0,4,0%,1.5
activites caen,0,4,0%,3.5
activité caen jeune,0,4,0%,3.75
activite a caen,0,4,0%,4
escape game mondeville tarif,0,4,0%,4
escape game a 2,0,4,0%,5.25
activités enfants caen et alentours,0,4,0%,6.25
que faire à caen quand il pleut avec des enfants,0,4,0%,7
salle de jeux caen,0,4,0%,7.25
indoor,0,4,0%,7.75
activité caen famille,0,4,0%,9
quiz,0,4,0%,9
brain l escape game,0,4,0%,9.75
game side caen,0,4,0%,10.5
escape game bretteville sur odon,0,4,0%,58.5
anniversaire caen,0,4,0%,59.75
activité couple caen,0,3,0%,1
escape game a 8,0,3,0%,1
escape game yourself,0,3,0%,1
activités enfant caen,0,3,0%,1.33
jeux mondeville,0,3,0%,1.33
activite enfant calvados,0,3,0%,1.67
choses a faire caen,0,3,0%,1.67
jeu mondeville,0,3,0%,1.67
jeux enfants caen,0,3,0%,1.67
loisirs caen,0,3,0%,1.67
que faire sur caen,0,3,0%,1.67
buzz your brain - quiz game à caen mondeville,0,3,0%,2
escape game mondeville 2,0,3,0%,2
meilleur escape game normandie,0,3,0%,2
activité caen enfant,0,3,0%,2.33
escape fame,0,3,0%,2.33
que faire a cean,0,3,0%,2.33
que faire caen,0,3,0%,2.33
defoul room caen,0,3,0%,3
escapr game,0,3,0%,3
escape game vr,0,3,0%,4.33
activite enfant mondeville,0,3,0%,5.67
ecape game,0,3,0%,5.67
activités soir,0,3,0%,6
buzz,0,3,0%,6.33
prix escape game,0,3,0%,7
quizgame,0,3,0%,7.67
tarif escape game,0,3,0%,8
activité caen et alentour,0,3,0%,8.33
activité insolite caen,0,3,0%,10.33
excape island tfx,0,3,0%,11.67
enigmes caen,0,3,0%,12.67
escape game hopital psychiatrique,0,3,0%,20
chasse au trésor caen,0,3,0%,26.33
activités a caen,0,2,0%,1
activités ado caen,0,2,0%,1
activités à caen,0,2,0%,1
escape gale,0,2,0%,1
escape game autour de moi les mieux notés,0,2,0%,1
escape game cabourg,0,2,0%,1
escape game escape yourself,0,2,0%,1
excape island,0,2,0%,1
horror room,0,2,0%,1
jeux enfant caen,0,2,0%,1
prison idland,0,2,0%,1
activité famille caen,0,2,0%,1.5
activité mondeville,0,2,0%,1.5
escape game annees 80,0,2,0%,1.5
quizz game mondeville,0,2,0%,1.5
activités caen enfants,0,2,0%,2
activités en extérieur à caen,0,2,0%,2
activités enfant calvados,0,2,0%,2
caen activite,0,2,0%,2
escape gales,0,2,0%,2
escape game ambulant,0,2,0%,2
escape game prison,0,2,0%,2
escape jeux,0,2,0%,2
quizroom,0,2,0%,2
escape game biere,0,2,0%,2.5
activite enfant,0,2,0%,3
activité a faire caen,0,2,0%,3
escape game à proximité,0,2,0%,3
salle d'arcade à proximité,0,2,0%,3
activite,0,2,0%,3.5
escap game,0,2,0%,3.5
escape game enfants,0,2,0%,3.5
escape game horreur autour de moi,0,2,0%,3.5
salle arcade,0,2,0%,3.5
activite a faire a caen,0,2,0%,4
activités a faire caen,0,2,0%,4
bar a jeu,0,2,0%,4
escape game anniversaire 8 ans,0,2,0%,4.5
activité en intérieur,0,2,0%,5
escame game,0,2,0%,5
espace gale,0,2,0%,5
escape 80,0,2,0%,5.5
escape game à partir de 6 ans,0,2,0%,5.5
activiter,0,2,0%,6
escape game clé en main,0,2,0%,6
best escape rooms near me,0,2,0%,6.5
fone escape,0,2,0%,7
jeu escape game,0,2,0%,7
l'escape caen,0,2,0%,7
peison island,0,2,0%,7
action game autour de moi,0,2,0%,7.5
jeux pour enfants caen,0,2,0%,8
activité en intérieur adulte,0,2,0%,9.5
yourself escape game,0,2,0%,10.5
activité team building caen,0,2,0%,11
caen loisirs,0,2,0%,11
gaming caen,0,2,0%,11
sortie caen gratuit,0,2,0%,12.5
escape game anniversaire 9 ans,0,2,0%,14
maison hantée calvados,0,2,0%,14
que faire à caen quand il pleut,0,2,0%,19.5
activité caen evg,0,2,0%,29
face a face caen,0,2,0%,29
activite original,0,1,0%,1
activites a faire en famille,0,1,0%,1
activité,0,1,0%,1
activité couverte enfant,0,1,0%,1
activités en intérieur autour de moi,0,1,0%,1
activités mondeville 2,0,1,0%,1
activités pour ado autour de moi,0,1,0%,1
activités à découvrir à caen,0,1,0%,1
bar jeu de société caen,0,1,0%,1
brain games,0,1,0%,1
caen chose a faire,0,1,0%,1
escale game horreur,0,1,0%,1
escape came,0,1,0%,1
escape gae,0,1,0%,1
escape game car,0,1,0%,1
escape game duo,0,1,0%,1
escape game d’horreur,0,1,0%,1
escape game en exterieur,0,1,0%,1
escape game enfants autour de moi,0,1,0%,1
escape game famille autour de moi,0,1,0%,1
escape game horrzur,0,1,0%,1
escape game pres de moi,0,1,0%,1
escape game prizoners,0,1,0%,1
escape games enfant,0,1,0%,1
escape prison,0,1,0%,1
escape ro,0,1,0%,1
escape rooms,0,1,0%,1
escape.game.caen,0,1,0%,1
gaming room,0,1,0%,1
jeu d'arcade,0,1,0%,1
jeu enfant interieur,0,1,0%,1
jeu pour enfant,0,1,0%,1
jeux d'intérieur enfant,0,1,0%,1
jeux interieur adulte,0,1,0%,1
prison isand,0,1,0%,1
prison islan,0,1,0%,1
prison island adresse,0,1,0%,1
prison island ouvert actuellement,0,1,0%,1
prison islande,0,1,0%,1
prison isoand,0,1,0%,1
prison.island,0,1,0%,1
que faire a mondeville,0,1,0%,1
que faire à caen et alentours,0,1,0%,1
quiz room anniversaire,0,1,0%,1
rscape,0,1,0%,1
salle de défoulement caen,0,1,0%,1
sortie en famille calvados,0,1,0%,1
sortir en famille calvados,0,1,0%,1
activité caen dimanche,0,1,0%,2
activité en interieur enfant,0,1,0%,2
activités sur caen,0,1,0%,2
activités à faire en famille,0,1,0%,2
des escapes games,0,1,0%,2
eaxape room,0,1,0%,2
escaoe gale,0,1,0%,2
escape <,0,1,0%,2
escape game 2 personnes,0,1,0%,2
escape game alentour,0,1,0%,2
escape game blainville,0,1,0%,2
escape game enfant 8 ans,0,1,0%,2
escape game horreur immersif,0,1,0%,2
escape game horror,0,1,0%,2
escape game le plus proche,0,1,0%,2
escape game party,0,1,0%,2
escape game pas cher,0,1,0%,2
escape game plusieurs salles,0,1,0%,2
escape game rouen,0,1,0%,2
escape game sportif,0,1,0%,2
escape game viking,0,1,0%,2
escape your self,0,1,0%,2
escapz game,0,1,0%,2
escpae game,0,1,0%,2
idée de sortie,0,1,0%,2
jeu enfant caen,0,1,0%,2
jeux video caen,0,1,0%,2
live escape game,0,1,0%,2
loisir caen,0,1,0%,2
ou sortir ce soir autour de moi,0,1,0%,2
parc indoor adulte,0,1,0%,2
parc interieur enfant caen,0,1,0%,2
parc prison,0,1,0%,2
pirson island,0,1,0%,2
prison break escape game,0,1,0%,2
prison ilsand,0,1,0%,2
prison island horaires,0,1,0%,2
proson island,0,1,0%,2
prson island,0,1,0%,2
que faire a caen ?,0,1,0%,2
que faire à caen avec des enfants,0,1,0%,2
quiz escape game,0,1,0%,2
quizz game,0,1,0%,2
quizzroom,0,1,0%,2
red room,0,1,0%,2
salle d'arcade,0,1,0%,2
salle de jeux enfants,0,1,0%,2
sortie calvados,0,1,0%,2
trampoline park,0,1,0%,2
activité a faire a caen,0,1,0%,3
activité a faire autour de moi,0,1,0%,3
activités en famille,0,1,0%,3
activités à faire avec des enfants autour de moi,0,1,0%,3
crimson place des enigmes,0,1,0%,3
escape game amy,0,1,0%,3
escape game année 80,0,1,0%,3
escape game marvel,0,1,0%,3
parc jeux enfant caen,0,1,0%,3
pont 14 juillet,0,1,0%,3
quie room,0,1,0%,3
sortie autour de moi,0,1,0%,3
sortie famille calvados,0,1,0%,3
activiter caen,0,1,0%,4
activité a caen,0,1,0%,4
activité autour de moi,0,1,0%,4
activités a faire,0,1,0%,4
activités alentours,0,1,0%,4
b.r.a.i.n.,0,1,0%,4
bar mondeville,0,1,0%,4
escape game outdoor,0,1,0%,4
escape game pour enfant de 6 ans,0,1,0%,4
escape game prix par personne,0,1,0%,4
escape game temps,0,1,0%,4
parc jeux adulte,0,1,0%,4
sortie adulte autour de moi,0,1,0%,4
arcade,0,1,0%,5
endroit pour fêter son anniversaire 13 ans,0,1,0%,5
escale game,0,1,0%,5
escaoe game,0,1,0%,5
escape game abbaye aux dames,0,1,0%,5
escape game bar,0,1,0%,5
escape game mobile,0,1,0%,5
escape game room,0,1,0%,5
escape game xxl,0,1,0%,5
escape ge,0,1,0%,5
escape gzme,0,1,0%,5
escape room near me,0,1,0%,5
escapr,0,1,0%,5
escaspe,0,1,0%,5
espèce game,0,1,0%,5
magasin de jeux,0,1,0%,5
parc de jeux caen,0,1,0%,5
prisonisland,0,1,0%,5
activité en famille autour de moi,0,1,0%,6
activités enfants,0,1,0%,6
escape game en ville,0,1,0%,6
escape game famille,0,1,0%,6
escape game prison island,0,1,0%,6
escape game tarif,0,1,0%,6
escapegame,0,1,0%,6
idee de sortie,0,1,0%,6
retro game caen,0,1,0%,6
salle de jeu caen,0,1,0%,6
sortir calvados,0,1,0%,6
activité intérieur,0,1,0%,7
activités escape game,0,1,0%,7
escape game 6 ans,0,1,0%,7
escape game avec enfants,0,1,0%,7
escape game qui fait peur,0,1,0%,7
escape game weekend,0,1,0%,7
escape game 8 ans,0,1,0%,8
escape game immersif,0,1,0%,8
escape game proximité,0,1,0%,8
escape room le jeu,0,1,0%,8
l escape,0,1,0%,8
quiz your brain,0,1,0%,8
sortie enfant caen,0,1,0%,8
trampoline adulte,0,1,0%,8
activités famille caen,0,1,0%,9
escap room,0,1,0%,9
escape box,0,1,0%,9
escape game virtuel,0,1,0%,9
groupon escape game,0,1,0%,9
place des enigmes,0,1,0%,9
un escape game,0,1,0%,9
activité proche de moi,0,1,0%,10
bonnet d'âne escape game,0,1,0%,10
escape game fort boyard,0,1,0%,10
escape the room,0,1,0%,11
espace yourself,0,1,0%,11
game 41,0,1,0%,11
prisô island,0,1,0%,11
room jeu,0,1,0%,11
anniversaire adulte caen,0,1,0%,12
escape game autour de moi ouvert actuellement,0,1,0%,12
activite couple caen,0,1,0%,13
activité en intérieur enfant autour de moi,0,1,0%,13
age escape game,0,1,0%,13
caen game,0,1,0%,13
ernestine escape game,0,1,0%,13
escape game a faire a 2,0,1,0%,13
escape game dans la foret,0,1,0%,13
escape game video,0,1,0%,13
ifs escape game,0,1,0%,13
jeu type escape game,0,1,0%,13
love escape game,0,1,0%,13
prison islnad,0,1,0%,13
anniversaire escape game 11 ans,0,1,0%,14
escape game 5 ans,0,1,0%,14
escape game pour evjf,0,1,0%,14
escape game à 2,0,1,0%,14
fort boyard mondeville 2,0,1,0%,14
quiz room enfants,0,1,0%,14
escape brain,0,1,0%,15
escape game mortel,0,1,0%,15
kids 95,0,1,0%,15
activité anniversaire caen,0,1,0%,16
activités evg caen,0,1,0%,18
escape game enfants caen,0,1,0%,18
backroom caen,0,1,0%,20
quiz boxing caen,0,1,0%,21
salle d'escape,0,1,0%,21
"""anniversaire de mariage""",0,1,0%,23
team factory caen,0,1,0%,23
face a face - caen,0,1,0%,25
quiz game bretteville sur odon,0,1,0%,26
avis sur quiz room caen,0,1,0%,28
escape game en extérieur thème braquage en equipe à nancy,0,1,0%,29
centre de loisir caen,0,1,0%,31
prison island caen,0,1,0%,37
brain chalon,0,1,0%,38
jeu de piste caen,0,1,0%,39
bulky games caen,0,1,0%,43
idée team building caen,0,1,0%,43
escape game bretteville-sur-odon,0,1,0%,53
buzzville jeux,0,1,0%,58
laser game caen,0,1,0%,71